{
    "sign": [
        [
            0.25625,
            0.8708333333333333,
            7.877646339693456e-07
        ],
        [
            0.35,
            0.8208333333333333,
            -0.045410677790641785
        ],
        [
            0.4296875,
            0.7333333333333333,
            -0.07123580574989319
        ],
        [
            0.496875,
            0.6604166666666667,
            -0.09472779184579849
        ],
        [
            0.5609375,
            0.6145833333333334,
            -0.11940912902355194
        ],
        [
            0.371875,
            0.5625,
            -0.055668752640485764
        ],
        [
            0.4125,
            0.425,
            -0.09331951290369034
        ],
        [
            0.4359375,
            0.33958333333333335,
            -0.12158133834600449
        ],
        [
            0.453125,
            0.2625,
            -0.14231202006340027
        ],
        [
            0.30625,
            0.5395833333333333,
            -0.061248622834682465
        ],
        [
            0.3234375,
            0.3854166666666667,
            -0.09519872814416885
        ],
        [
            0.3375,
            0.2833333333333333,
            -0.12197147309780121
        ],
        [
            0.3453125,
            0.19583333333333333,
            -0.14173905551433563
        ],
        [
            0.2421875,
            0.5541666666666667,
            -0.07198392599821091
        ],
        [
            0.234375,
            0.4083333333333333,
            -0.10741300135850906
        ],
        [
            0.2328125,
            0.30833333333333335,
            -0.13427025079727173
        ],
        [
            0.2328125,
            0.21875,
            -0.15274633467197418
        ],
        [
            0.18125,
            0.5958333333333333,
            -0.08659140020608902
        ],
        [
            0.1359375,
            0.49375,
            -0.1230635792016983
        ],
        [
            0.10625,
            0.42291666666666666,
            -0.14218129217624664
        ],
        [
            0.08125,
            0.35625,
            -0.1538768857717514
        ]
    ],
    "peace": [
        [
            0.85625,
            0.5958333333333333,
            4.1432443254052487e-07
        ],
        [
            0.78125,
            0.5916666666666667,
            -0.01884588971734047
        ],
        [
            0.7171875,
            0.5479166666666667,
            -0.03270099312067032
        ],
        [
            0.6890625,
            0.4875,
            -0.05095566809177399
        ],
        [
            0.7,
            0.43333333333333335,
            -0.0689508467912674
        ],
        [
            0.7046875,
            0.40208333333333335,
            -0.009841612540185452
        ],
        [
            0.65625,
            0.3375,
            -0.03146811202168465
        ],
        [
            0.625,
            0.29791666666666666,
            -0.04793721064925194
        ],
        [
            0.603125,
            0.25833333333333336,
            -0.06098245829343796
        ],
        [
            0.746875,
            0.36875,
            -0.023380432277917862
        ],
        [
            0.7046875,
            0.2625,
            -0.04939458891749382
        ],
        [
            0.671875,
            0.2,
            -0.07073906809091568
        ],
        [
            0.6515625,
            0.15208333333333332,
            -0.08561767637729645
        ],
        [
            0.79375,
            0.3625,
            -0.04054475575685501
        ],
        [
            0.7625,
            0.275,
            -0.0804527997970581
        ],
        [
            0.746875,
            0.3375,
            -0.09354114532470703
        ],
        [
            0.7421875,
            0.4,
            -0.09452172368764877
        ],
        [
            0.8421875,
            0.38125,
            -0.05861709639430046
        ],
        [
            0.796875,
            0.35,
            -0.09245143830776215
        ],
        [
            0.775,
            0.40208333333333335,
            -0.0982898622751236
        ],
        [
            0.765625,
            0.46041666666666664,
            -0.09737657755613327
        ]
    ]
}